year,month,mday,tavg
1995,1,1,3.29
1995,1,2,3.54
1995,1,3,1.94
1995,1,4,2.72
1995,1,5,4.51
1995,1,6,6.41
1995,1,7,8.79
1995,1,8,9.23
1995,1,9,6.24
1995,1,10,3.76
1995,1,11,1.89
1995,1,12,3.43
1995,1,13,2.72
1995,1,14,1.47
1995,1,15,2.35
1995,1,16,3.71
1995,1,17,5.43
1995,1,18,5.99
1995,1,19,2.95
1995,1,20,4.68
1995,1,21,6.55
1995,1,22,4.22
1995,1,23,2.94
1995,1,24,3.7
1995,1,25,6.29
1995,1,26,3.88
1995,1,27,3.19
1995,1,28,4.01
1995,1,29,4.53
1995,1,30,3.9
1995,1,31,3.43
1995,2,1,1.51
1995,2,2,0.84
1995,2,3,1.74
1995,2,4,2.0
1995,2,5,1.32
1995,2,6,4.58
1995,2,7,6.45
1995,2,8,7.3
1995,2,9,8.73
1995,2,10,7.45
1995,2,11,8.1
1995,2,12,7.1
1995,2,13,6.3
1995,2,14,6.67
1995,2,15,5.42
1995,2,16,5.09
1995,2,17,5.35
1995,2,18,5.39
1995,2,19,6.56
1995,2,20,6.21
1995,2,21,3.99
1995,2,22,4.71
1995,2,23,5.33
1995,2,24,6.29
1995,2,25,8.56
1995,2,26,6.81
1995,2,27,8.5
1995,2,28,3.91
1995,3,1,6.67
1995,3,2,9.8
1995,3,3,7.39
1995,3,4,5.42
1995,3,5,8.41
1995,3,6,12.44
1995,3,7,15.47
1995,3,8,13.6
1995,3,9,9.79
1995,3,10,9.81
1995,3,11,11.22
1995,3,12,9.33
1995,3,13,9.54
1995,3,14,10.76
1995,3,15,12.15
1995,3,16,7.96
1995,3,17,4.29
1995,3,18,7.99
1995,3,19,11.73
1995,3,20,13.71
1995,3,21,17.0
1995,3,22,17.72
1995,3,23,11.83
1995,3,24,8.23
1995,3,25,7.01
1995,3,26,10.04
1995,3,27,13.45
1995,3,28,11.51
1995,3,29,10.86
1995,3,30,10.72
1995,3,31,10.47
1995,4,1,10.78
1995,4,2,7.38
1995,4,3,8.28
1995,4,4,11.13
1995,4,5,15.4
1995,4,6,15.67
1995,4,7,15.82
1995,4,8,19.57
1995,4,9,11.69
1995,4,10,9.42
1995,4,11,11.68
1995,4,12,15.11
1995,4,13,14.02
1995,4,14,13.34
1995,4,15,13.14
1995,4,16,15.25
1995,4,17,14.29
1995,4,18,12.74
1995,4,19,12.45
1995,4,20,14.7
1995,4,21,18.19
1995,4,22,18.54
1995,4,23,15.09
1995,4,24,11.35
1995,4,25,14.55
1995,4,26,15.24
1995,4,27,17.38
1995,4,28,18.21
1995,4,29,16.4
1995,4,30,16.14
1995,5,1,19.1
1995,5,2,16.99
1995,5,3,15.94
1995,5,4,15.21
1995,5,5,18.15
1995,5,6,20.38
1995,5,7,21.68
1995,5,8,23.84
1995,5,9,22.23
1995,5,10,16.31
1995,5,11,14.56
1995,5,12,17.25
1995,5,13,22.2
1995,5,14,16.5
1995,5,15,17.67
1995,5,16,21.14
1995,5,17,20.76
1995,5,18,19.02
1995,5,19,21.33
1995,5,20,19.32
1995,5,21,19.43
1995,5,22,21.11
1995,5,23,22.68
1995,5,24,21.16
1995,5,25,22.37
1995,5,26,22.43
1995,5,27,21.34
1995,5,28,23.23
1995,5,29,21.6
1995,5,30,21.7
1995,5,31,21.52
1995,6,1,21.88
1995,6,2,25.91
1995,6,3,23.91
1995,6,4,22.18
1995,6,5,24.69
1995,6,6,23.6
1995,6,7,20.5
1995,6,8,20.33
1995,6,9,20.77
1995,6,10,22.4
1995,6,11,20.82
1995,6,12,22.13
1995,6,13,22.06
1995,6,14,23.51
1995,6,15,21.46
1995,6,16,22.45
1995,6,17,21.32
1995,6,18,27.58
1995,6,19,27.84
1995,6,20,24.93
1995,6,21,22.81
1995,6,22,20.64
1995,6,23,21.68
1995,6,24,22.28
1995,6,25,24.7
1995,6,26,24.69
1995,6,27,26.23
1995,6,28,26.33
1995,6,29,27.91
1995,6,30,27.82
1995,7,1,24.71
1995,7,2,22.71
1995,7,3,23.38
1995,7,4,23.21
1995,7,5,20.93
1995,7,6,22.06
1995,7,7,23.91
1995,7,8,28.9
1995,7,9,29.29
1995,7,10,30.84
1995,7,11,30.56
1995,7,12,30.14
1995,7,13,30.7
1995,7,14,31.47
1995,7,15,31.88
1995,7,16,31.24
1995,7,17,28.1
1995,7,18,30.56
1995,7,19,32.82
1995,7,20,33.64
1995,7,21,31.31
1995,7,22,28.2
1995,7,23,29.07
1995,7,24,26.94
1995,7,25,29.87
1995,7,26,30.27
1995,7,27,28.99
1995,7,28,29.09
1995,7,29,29.31
1995,7,30,29.58
1995,7,31,30.34
1995,8,1,31.11
1995,8,2,30.62
1995,8,3,30.16
1995,8,4,30.51
1995,8,5,30.99
1995,8,6,31.18
1995,8,7,28.22
1995,8,8,30.81
1995,8,9,27.6
1995,8,10,26.82
1995,8,11,30.58
1995,8,12,32.39
1995,8,13,32.29
1995,8,14,30.6
1995,8,15,30.37
1995,8,16,30.02
1995,8,17,30.93
1995,8,18,28.99
1995,8,19,29.57
1995,8,20,28.39
1995,8,21,29.23
1995,8,22,29.26
1995,8,23,26.65
1995,8,24,26.81
1995,8,25,26.04
1995,8,26,25.12
1995,8,27,27.58
1995,8,28,27.95
1995,8,29,29.69
1995,8,30,30.52
1995,8,31,30.46
1995,9,1,31.51
1995,9,2,32.43
1995,9,3,32.35
1995,9,4,29.14
1995,9,5,27.82
1995,9,6,31.96
1995,9,7,32.76
1995,9,8,27.13
1995,9,9,28.38
1995,9,10,22.16
1995,9,11,22.22
1995,9,12,23.97
1995,9,13,23.33
1995,9,14,22.2
1995,9,15,22.48
1995,9,16,22.01
1995,9,17,22.32
1995,9,18,22.01
1995,9,19,21.77
1995,9,20,20.96
1995,9,21,22.05
1995,9,22,22.12
1995,9,23,22.55
1995,9,24,22.62
1995,9,25,22.19
1995,9,26,22.87
1995,9,27,21.2
1995,9,28,21.9
1995,9,29,22.21
1995,9,30,22.61
1995,10,1,23.34
1995,10,2,24.62
1995,10,3,18.85
1995,10,4,15.63
1995,10,5,15.17
1995,10,6,17.41
1995,10,7,16.97
1995,10,8,16.42
1995,10,9,18.49
1995,10,10,20.36
1995,10,11,21.43
1995,10,12,20.69
1995,10,13,21.45
1995,10,14,20.48
1995,10,15,20.29
1995,10,16,18.49
1995,10,17,19.72
1995,10,18,18.9
1995,10,19,17.89
1995,10,20,18.82
1995,10,21,20.26
1995,10,22,20.4
1995,10,23,19.58
1995,10,24,15.71
1995,10,25,16.25
1995,10,26,17.75
1995,10,27,18.6
1995,10,28,18.68
1995,10,29,19.04
1995,10,30,19.38
1995,10,31,13.38
1995,11,1,10.39
1995,11,2,10.87
1995,11,3,12.88
1995,11,4,15.19
1995,11,5,16.81
1995,11,6,17.54
1995,11,7,9.77
1995,11,8,9.93
1995,11,9,12.42
1995,11,10,12.54
1995,11,11,13.18
1995,11,12,15.54
1995,11,13,14.12
1995,11,14,12.73
1995,11,15,11.83
1995,11,16,12.48
1995,11,17,13.67
1995,11,18,14.82
1995,11,19,11.04
1995,11,20,8.84
1995,11,21,8.69
1995,11,22,11.05
1995,11,23,5.26
1995,11,24,7.0
1995,11,25,10.15
1995,11,26,11.25
1995,11,27,10.55
1995,11,28,11.12
1995,11,29,11.3
1995,11,30,10.41
1995,12,1,9.28
1995,12,2,9.58
1995,12,3,8.14
1995,12,4,6.47
1995,12,5,4.29
1995,12,6,3.49
1995,12,7,3.91
1995,12,8,3.91
1995,12,9,6.19
1995,12,10,8.71
1995,12,11,7.81
1995,12,12,7.57
1995,12,13,8.69
1995,12,14,9.43
1995,12,15,6.76
1995,12,16,5.12
1995,12,17,6.19
1995,12,18,4.38
1995,12,19,5.71
1995,12,20,5.95
1995,12,21,5.46
1995,12,22,5.54
1995,12,23,6.63
1995,12,24,1.74
1995,12,25,1.62
1995,12,26,2.4
1995,12,27,4.45
1995,12,28,4.88
1995,12,29,3.05
1995,12,30,4.16
1995,12,31,7.86
