srad,RH,wind,prec,tmax,tmin,year,month,mday
116.75,68.04136,2.421997,0.060058594,5.75,0.820007324,1995,1,1
35,87.88758,1.4899979,15.780029,4.829986572,2.25,1995,1,2
33,87.32048,4.451996,6.1799927,2.920013428,0.959991455,1995,1,3
133.25,68.76492,4.013996,0,5.239990234,0.209991455,1995,1,4
139.25,61.76353,3.8879967,0,7.910003662,1.100006104,1995,1,5
137.5,68.9105,2.0339966,0,10.67999268,2.140014648,1995,1,6
138.5,70.122536,1.8019981,0,14.08999634,3.5,1995,1,7
137,68.292114,2.0599976,0,13.92999268,4.529998779,1995,1,8
135.25,64.82907,4.2319984,0,9.769989014,2.720001221,1995,1,9
37,78.75696,3.6639977,1.019989,5.369995117,2.160003662,1995,1,10
36.5,92.13945,2.3799973,6.420044,2.380004883,1.399993896,1995,1,11
86.25,75.26266,3.6639977,0,5.25,1.609985352,1995,1,12
142.75,47.389046,3.3619957,0,5.859985352,-0.410003662,1995,1,13
141.75,53.695835,2.1759987,0,3.929992676,-0.980010986,1995,1,14
62,75.98002,0.9379959,0,3.970001221,0.730010986,1995,1,15
141.75,74.70387,1.9939957,0,6.75,0.670013428,1995,1,16
131.75,72.715065,1.9559975,0,9.519989014,1.339996338,1995,1,17
38.5,83.135345,3.2399979,0.35998535,7.459991455,4.529998779,1995,1,18
37.75,89.92173,1.9999962,1.5,4.049987793,1.850006104,1995,1,19
150.5,78.807365,2.3999977,9.600037,8.010009766,1.359985352,1995,1,20
22.75,91.1843,4.2059975,17.339996,8.089996338,5.010009766,1995,1,21
38.75,90.51678,4.529999,7.5,5.739990234,2.700012207,1995,1,22
95.5,70.61123,1.7219963,0.060058594,5.829986572,0.049987793,1995,1,23
151.5,73.54109,1.6559982,0,7.640014648,-0.239990234,1995,1,24
151,70.930954,1.355999,0.83999634,11.54000854,1.029998779,1995,1,25
76.5,70.66208,4.341999,0.90005493,6.339996338,1.410003662,1995,1,26
155.5,68.24443,2.1279984,0,5.809997559,0.570007324,1995,1,27
158,55.16508,1.6279984,0,6.760009766,1.260009766,1995,1,28
154.5,65.39402,2.0599976,0,7.549987793,1.510009766,1995,1,29
156.25,72.3623,1.159996,0,7.040008545,0.760009766,1995,1,30
149.5,71.77326,1.949997,0,6.959991455,-0.089996338,1995,1,31
160.5,68.588394,3.0959969,0,3.75,-0.730010986,1995,2,1
162.5,70.00805,2.869999,0,3.119995117,-1.440002441,1995,2,2
126,72.08357,1.4859962,0,4.299987793,-0.820007324,1995,2,3
102,60.509308,4.345997,0.060058594,5.260009766,-1.260009766,1995,2,4
179.75,56.737656,3.001999,0,4.190002441,-1.559997559,1995,2,5
179.25,56.596577,2.2419968,0,8.950012207,0.209991455,1995,2,6
179,59.466118,1.9179955,0,11.83999634,1.059997559,1995,2,7
45.5,79.80882,1.5859985,0,9.389984131,5.209991455,1995,2,8
172.5,70.46467,2.6259956,0.060058594,13.35998535,4.109985352,1995,2,9
184.5,73.246414,3.3379974,0,11.57998657,3.329986572,1995,2,10
42,83.10785,2.9139977,5.400055,9.799987793,6.410003662,1995,2,11
47.25,88.05656,2.9579964,0.960022,8.239990234,5.970001221,1995,2,12
42.5,84.894936,1.7779961,0,8.579986572,4.029998779,1995,2,13
106,85.13142,1.5639954,0.3000183,9.970001221,3.369995117,1995,2,14
32.25,85.84472,1.1219978,0,8.019989014,2.820007324,1995,2,15
119,84.524475,2.2499962,0.060058594,8.950012207,1.220001221,1995,2,16
143.75,71.927,3.041996,5.2200623,8.730010986,1.959991455,1995,2,17
47.25,83.84454,3.817997,7.019989,6.239990234,4.549987793,1995,2,18
46.25,85.981995,3.3099976,0.17999268,7.700012207,5.410003662,1995,2,19
138,73.70106,3.463997,0,10.01000977,2.399993896,1995,2,20
60.75,73.93235,3.1179962,0,6,1.970001221,1995,2,21
91.5,72.42182,2.0999985,0,6.929992676,2.489990234,1995,2,22
121,73.38173,1.5199966,0,8.130004883,2.529998779,1995,2,23
140,78.86191,1.473999,0,9.540008545,3.040008545,1995,2,24
175.5,67.40574,3.1039963,0,13.38000488,3.730010986,1995,2,25
201.5,61.940956,2.4459991,0,10.04000854,3.579986572,1995,2,26
201.25,46.830307,5.931999,0.6000366,14.70999146,2.299987793,1995,2,27
225,48.884884,3.791996,0.060058594,6.829986572,0.989990234,1995,2,28
201.75,64.05838,2.8819962,0,10.58999634,2.75,1995,3,1
107.75,83.11208,2.5479965,2.1600037,13.6499939,5.959991455,1995,3,2
196.25,74.05411,4.1159973,3.7200623,11,3.779998779,1995,3,3
214.5,64.85943,2.7159958,0.7800293,8.049987793,2.790008545,1995,3,4
224.75,62.829388,3.3359985,0.060058594,11.36999512,5.450012207,1995,3,5
219.25,60.776924,1.7499962,0.060058594,17.54998779,7.329986572,1995,3,6
217.75,52.156075,2.0319977,0.060058594,20.88998413,10.05999756,1995,3,7
104.5,74.730774,5.3919983,19.140015,16.51000977,10.67999268,1995,3,8
60.5,84.33648,5.945999,10.019989,12.58999634,7,1995,3,9
230,63.822346,2.435997,0.060058594,13.11999512,6.5,1995,3,10
153.25,53.009884,4.239998,0,15.1000061,7.339996338,1995,3,11
194.25,53.21294,2.0299988,0.060058594,11.75,6.910003662,1995,3,12
225.25,60.44479,3.7979965,0.060058594,12.66000366,6.429992676,1995,3,13
87.75,78.7667,4.6779976,4.440033,11.98001099,9.540008545,1995,3,14
57.5,87.92617,4.4399986,11.519989,13.17001343,11.13000488,1995,3,15
66.5,86.818954,5.3539963,4.8000183,11.38000488,4.540008545,1995,3,16
94,64.05213,2.5219955,2.400055,6.079986572,2.510009766,1995,3,17
242.75,59.29063,2.369999,0.060058594,11.26998901,4.709991455,1995,3,18
241.75,56.2172,3.1219978,0.060058594,15.51998901,7.940002441,1995,3,19
247,72.82158,2.211998,0,18.17999268,9.239990234,1995,3,20
232.25,69.83003,1.9899979,0,21.51000977,12.48999023,1995,3,21
238.5,73.37874,3.119999,0.17999268,23.70001221,11.73001099,1995,3,22
54.25,92.07705,3.9259987,3.3000183,12.92001343,10.73999023,1995,3,23
59,91.26141,4.843998,13.320007,10.32000732,6.130004883,1995,3,24
69.25,71.544205,3.8119965,1.440033,8.980010986,5.049987793,1995,3,25
263,62.659813,2.6139984,0.060058594,13.32000732,6.760009766,1995,3,26
245.25,65.15738,3.4279976,0.060058594,17.60998535,9.299987793,1995,3,27
101.5,83.820366,4.787998,1.3200073,13.26000977,9.75,1995,3,28
57.25,90.71614,2.9319954,4.5,11.76000977,9.959991455,1995,3,29
139.75,84.055664,1.8939972,4.019989,13.17999268,8.260009766,1995,3,30
198,80.87748,2.9439964,0.060058594,15.20999146,5.739990234,1995,3,31
268,64.321304,3.577999,0,13.70001221,7.859985352,1995,4,1
178,67.48255,4.357998,0,11.11999512,3.630004883,1995,4,2
275.75,55.673958,3.449997,0,11.33999634,5.220001221,1995,4,3
203.75,75.987206,3.0439987,0,14.30999756,7.950012207,1995,4,4
239.75,70.81873,0.6499977,0,18.92999268,11.88000488,1995,4,5
234.75,74.1716,2.093998,0.120025635,21.17001343,10.16000366,1995,4,6
218.75,73.78808,2.0199966,0,18.88998413,12.76000977,1995,4,7
109,75.32637,1.8619957,4.440033,23.91000366,15.22000122,1995,4,8
63.5,80.222115,3.3359985,1.7400513,14.61999512,8.760009766,1995,4,9
63.75,77.87441,4.433998,0,11.07000732,7.769989014,1995,4,10
80,75.75898,4.0179977,0.060058594,14.10998535,9.260009766,1995,4,11
282.25,52.361637,3.7479973,1.2600403,18.67999268,11.54000854,1995,4,12
76.25,86.66075,3.4159966,11.280029,15.67999268,12.36999512,1995,4,13
81.5,90.33744,3.459999,0.66000366,14.91000366,11.76000977,1995,4,14
74.75,96.969734,1.7219963,0.42004395,14.1499939,12.13998413,1995,4,15
68.5,84.49211,2.2339973,1.8599854,17.17999268,13.32000732,1995,4,16
56.25,88.97129,2.5319977,3.3000183,15.80999756,12.77999878,1995,4,17
66.75,92.43658,2.9959984,1.8599854,14.47000122,11.01000977,1995,4,18
300,67.36024,3.933998,0,16.57998657,8.320007324,1995,4,19
273.75,73.97895,6.0599976,4.6200256,17.45001221,11.95001221,1995,4,20
66.5,94.1352,2.3739967,5.400055,20.20001221,16.17999268,1995,4,21
129.75,92.87684,4.7359962,3.0600586,26.41000366,10.67001343,1995,4,22
292,62.215233,3.6499977,0.24005127,18.30999756,11.86999512,1995,4,23
67.25,76.96962,1.9299965,0,12.97000122,9.720001221,1995,4,24
80.25,74.83026,2.5759964,0,17.33999634,11.76998901,1995,4,25
298.75,55.871998,4.511997,0.060058594,17.69000244,12.79000854,1995,4,26
282.5,77.41739,1.7439957,0.120025635,20.8999939,13.85998535,1995,4,27
156.75,84.414635,3.1899986,1.2600403,21.79998779,14.61999512,1995,4,28
113.75,85.52057,1.7099991,1.019989,18.48001099,14.30999756,1995,4,29
77.5,89.58924,3.055996,5.2800293,17.88000488,14.3999939,1995,4,30
234.75,80.94966,2.3339958,5.1000366,22.41000366,15.79000854,1995,5,1
102,82.478806,3.1119957,10.679993,18.63000488,15.3500061,1995,5,2
284,63.728992,3.9799957,1.2600403,19.45999146,12.42999268,1995,5,3
216.75,65.87199,2.199997,0,17.51000977,12.8999939,1995,5,4
314.25,64.21134,3.0739975,0.060058594,22.38998413,13.92001343,1995,5,5
297.25,71.28959,2.459999,0,25.73001099,15.01998901,1995,5,6
302.5,70.28944,1.4199982,0,26.51998901,16.8500061,1995,5,7
307.5,69.1371,3.1699982,0.480011,28.26998901,19.41000366,1995,5,8
296.75,67.06313,5.3259964,0.66000366,29.27999878,15.17001343,1995,5,9
275,62.40669,4.1039963,0.35998535,20.01000977,12.60998535,1995,5,10
78.5,72.80237,4.7219963,4.7400513,15.91000366,13.20999146,1995,5,11
60.5,89.14887,6.069996,4.6200256,18.73001099,15.76000977,1995,5,12
104.5,82.590225,2.6359978,2.6400146,25.23001099,19.16000366,1995,5,13
79.25,79.793106,4.0319977,0.480011,19.52999878,13.47000122,1995,5,14
254.75,69.50834,3.0179977,0,20.88998413,14.45999146,1995,5,15
318.75,51.733696,3.3839989,0,25.32998657,16.95999146,1995,5,16
266.75,63.9193,5.355999,0.17999268,23.72000122,17.79998779,1995,5,17
66.5,91.34856,4.7299957,15.54007,20.67999268,17.35998535,1995,5,18
75.5,93.95757,5.095997,53.220062,22.10998535,20.55999756,1995,5,19
74.25,76.63531,4.461998,13.380066,20.26000977,18.38000488,1995,5,20
154.25,64.40754,2.6379967,0,22.16000366,16.70001221,1995,5,21
305.5,63.588207,2.1759987,0,23.29998779,18.92001343,1995,5,22
316.5,55.617504,4.121998,0,26.76998901,18.6000061,1995,5,23
77.5,77.88654,3.0459976,3.480011,22.32000732,20,1995,5,24
88.25,92.93663,1.5019989,21.480011,24.72000122,20.01000977,1995,5,25
253.75,81.080864,3.3919983,0.42004395,26.52999878,18.32000732,1995,5,26
229,78.60068,5.2319984,2.2200623,23.66000366,19.01000977,1995,5,27
90,77.63793,3.9799957,2.6999817,27.92999268,18.52999878,1995,5,28
206.75,79.67916,2.591999,0.7800293,24.73001099,18.47000122,1995,5,29
72,90.27729,3.2699966,1.440033,23.57000732,19.82998657,1995,5,30
97.25,90.24953,4.421997,5.2200623,22.51000977,20.52999878,1995,5,31
103,93.654945,3.579998,3.6000366,23.32000732,20.42999268,1995,6,1
167.25,87.137985,2.4679985,18.960022,30.07998657,21.75,1995,6,2
203.5,71.74852,3.7039986,0,28.45999146,19.35998535,1995,6,3
230.75,74.13397,2.6339989,0.83999634,25.57000732,18.77999878,1995,6,4
292,68.504456,1.5399971,0.060058594,28.17001343,21.20001221,1995,6,5
241,62.511158,4.5059967,0,26.32998657,20.86999512,1995,6,6
84.5,77.46093,4.617996,0.66000366,22.26000977,18.73999023,1995,6,7
71.5,92.197945,3.7979965,1.920044,21.01000977,19.6499939,1995,6,8
115.25,84.09894,3.1339989,1.2600403,23.30999756,18.23999023,1995,6,9
215.25,79.66812,3.4459991,0,24.76000977,20.02999878,1995,6,10
73.75,89.146065,2.9679985,1.7400513,21.45999146,20.17999268,1995,6,11
155.5,88.838875,2.777996,6.8399963,24.47000122,19.79998779,1995,6,12
161.75,72.832954,2.9839973,7.8000183,24.76998901,19.35998535,1995,6,13
215,77.85442,3.107998,1.3800659,26.02999878,21,1995,6,14
82.75,85.4103,2.9079971,3.0600586,22.72000122,20.20999146,1995,6,15
158.25,83.87406,4.199997,5.6400146,24.97000122,19.92001343,1995,6,16
80.5,93.89374,2.7719955,8.220062,23.10998535,19.52999878,1995,6,17
310,75.12181,2.4959984,0.17999268,31.1499939,24.01000977,1995,6,18
199.25,72.805786,1.817997,0.35998535,30.85998535,24.82000732,1995,6,19
137.25,90.466255,3.055996,30.120026,26.47000122,23.38998413,1995,6,20
75.5,90.78659,2.9819984,83.94003,24.51998901,21.10998535,1995,6,21
84.5,91.43736,3.237999,15.359985,21.08999634,20.19000244,1995,6,22
75.5,90.308136,2.8019981,1.3200073,22.95999146,20.3999939,1995,6,23
64,92.327385,1.7559967,10.26004,23.26000977,21.29998779,1995,6,24
101.5,84.45651,1.8259964,7.2600403,27.42001343,21.98001099,1995,6,25
126,80.01577,2.7699966,0.35998535,27.44000244,21.94000244,1995,6,26
221.5,79.150566,2.2579956,1.980011,28.82000732,23.63000488,1995,6,27
191.75,73.77536,2.055996,3.1200256,29.30999756,23.3500061,1995,6,28
313.75,76.01042,3.329998,0.960022,30.67001343,25.1499939,1995,6,29
222,74.870544,3.0479965,2.940033,29.94000244,25.70001221,1995,6,30
73.5,88.46689,2.1279984,15.960022,26.02999878,23.38000488,1995,7,1
72,90.507675,2.1779976,41.880066,23.45999146,21.95001221,1995,7,2
73.75,87.45795,1.8539963,0.24005127,24.72000122,22.04998779,1995,7,3
112.5,87.52961,2.119999,3,25.19000244,21.23999023,1995,7,4
71.25,94.44759,2.4659958,20.580048,21.26000977,20.58999634,1995,7,5
69.75,95.97181,2.0959969,42.720062,22.51000977,21.6000061,1995,7,6
83.5,90.32675,2.187996,4.380066,25.66000366,22.16000366,1995,7,7
276.25,81.30211,3.593998,0.35998535,31.3999939,26.3999939,1995,7,8
231.75,80.71915,3.1099968,1.019989,31.63000488,26.94000244,1995,7,9
298.75,75.91582,2.9699974,2.519989,33.88000488,27.79000854,1995,7,10
303.25,73.13088,4.3759956,0.7800293,32.86001587,28.26000977,1995,7,11
295,71.91091,4.331997,1.920044,32.20001221,28.07000732,1995,7,12
308.75,70.43511,4.3259964,0.5400696,33.13000488,28.26998901,1995,7,13
294,74.66653,2.9179955,0.6000366,34.07998657,28.85998535,1995,7,14
312.75,73.74108,2.3679962,0.17999268,34.66000366,29.08999634,1995,7,15
276,76.037315,1.7679977,4.380066,34.07998657,28.41000366,1995,7,16
159.75,86.01866,1.9219971,15.060059,30.23001099,25.95999146,1995,7,17
207.25,81.30043,3.4059982,1.8599854,33.29998779,27.82998657,1995,7,18
302.75,73.7254,2.0759964,2.2800293,36.04000854,29.60998535,1995,7,19
294.75,71.810005,1.9579964,4.1400146,36.8500061,30.42999268,1995,7,20
259.5,72.193146,2.197998,3.0600586,35.23999023,27.38998413,1995,7,21
191,85.85871,2.1679955,1.1999817,31.20001221,25.20001221,1995,7,22
304,76.826164,2.3759956,2.1600037,31.3999939,26.75,1995,7,23
120,93.53754,2.6799965,30,28.54998779,25.33999634,1995,7,24
286.5,73.4413,5.881996,0.83999634,31.92001343,27.82000732,1995,7,25
280.25,72.37159,5.381996,3.6000366,32.75,27.79000854,1995,7,26
264.75,78.328445,5.1659966,0.480011,31.42001343,26.55999756,1995,7,27
303.5,79.46097,5.1299973,0.7800293,31.82000732,26.3500061,1995,7,28
300,76.25717,5.553997,0,31.8500061,26.76000977,1995,7,29
304.25,73.72917,5.5579987,0.060058594,32.1000061,27.05999756,1995,7,30
303.5,74.02762,5.9019966,0.72006226,32.57998657,28.1000061,1995,7,31
304,67.901535,5.855999,0.480011,33.86001587,28.3500061,1995,8,1
278.75,69.47994,4.463997,0.42004395,33.42001343,27.82000732,1995,8,2
301,67.23055,5.885998,0.35998535,33.01998901,27.29998779,1995,8,3
296.75,72.95293,2.8639984,0.3000183,33.29998779,27.73001099,1995,8,4
270.25,74.58812,2.473999,4.5,33.70999146,28.26998901,1995,8,5
281.25,71.48254,3.409996,1.920044,34.42999268,27.94000244,1995,8,6
245,77.9192,3.645996,7.5600586,29.8999939,26.54998779,1995,8,7
304.5,76.82602,2.3679962,0.24005127,33.6000061,28.01000977,1995,8,8
163.75,82.773766,3.093998,4.2600403,29.23999023,25.97000122,1995,8,9
119,86.493126,2.2319984,4.380066,28.42001343,25.22000122,1995,8,10
280.5,77.15097,2.0439987,1.5,32.95001221,28.20001221,1995,8,11
267.75,71.50806,2.7979965,1.440033,35.97000122,28.80999756,1995,8,12
289,67.43364,4.181999,0.17999268,35.86999512,28.72000122,1995,8,13
295.5,71.06585,4.6239967,0.5400696,33.66000366,27.54998779,1995,8,14
289,70.51548,4.2039986,0.7800293,33,27.73001099,1995,8,15
289.75,73.80821,4.4539986,0.35998535,32.73001099,27.30999756,1995,8,16
283.75,72.456474,4.1939964,0.480011,33.63998413,28.22000122,1995,8,17
293,74.33826,3.923996,5.2800293,33.48001099,24.5,1995,8,18
242.25,74.36311,2.5499954,9.660004,32.48999023,26.6499939,1995,8,19
143,77.36934,2.8479958,0.66000366,30.47000122,26.30999756,1995,8,20
223.5,80.29121,2.4059982,0.83999634,32.13000488,26.32998657,1995,8,21
258.75,73.154175,2.7999954,4.440033,32.70999146,25.82000732,1995,8,22
86.25,78.81281,3.001999,10.019989,27.5,25.79998779,1995,8,23
87,90.094444,3.9279976,2.1000366,27.98999023,25.63998413,1995,8,24
159.5,92.04185,4.3879967,4.0800476,27.92999268,24.16000366,1995,8,25
73.25,90.565094,1.8159981,4.2600403,26.83999634,23.41000366,1995,8,26
244,82.1733,2.6679955,0.90005493,30.23999023,24.92001343,1995,8,27
142,86.37934,1.8799973,7.019989,31.38000488,24.51000977,1995,8,28
213.5,86.26915,3.1799965,1.5600586,32.52999878,26.85998535,1995,8,29
242,77.73988,3.869999,0.5400696,33.73001099,27.30999756,1995,8,30
265.25,76.78184,5.183998,0.35998535,33.32000732,27.60998535,1995,8,31
271.25,76.1475,3.1399956,0.17999268,34.30999756,28.72000122,1995,9,1
264,73.76959,2.463997,0.120025635,35.17999268,29.67999268,1995,9,2
261.75,67.711235,2.2539978,0.3000183,34.73999023,29.97000122,1995,9,3
232.5,83.00197,3.6099968,0.17999268,33.26998901,25.01998901,1995,9,4
80,88.57783,2.909996,0,29.38998413,26.26000977,1995,9,5
235.75,78.51174,2.343998,0.120025635,35.88998413,28.02999878,1995,9,6
245.25,67.51048,3.0899963,0.24005127,37.32000732,28.20999146,1995,9,7
53,85.03316,2.713997,0.35998535,28.38000488,25.88998413,1995,9,8
151.25,80.70552,3.2479973,0.35998535,31.92999268,24.83999634,1995,9,9
75,83.95005,2.9019966,2.0400696,24.55999756,19.76000977,1995,9,10
83.25,75.35546,2.1679955,1.5600586,23.86999512,20.57998657,1995,9,11
83.5,70.21505,2.4819984,0.060058594,26.3999939,21.54000854,1995,9,12
78.75,80.352905,2.8019981,0.060058594,25.17999268,21.48999023,1995,9,13
95,81.899635,3.8859978,0.17999268,24.44000244,19.95999146,1995,9,14
201.25,72.84213,2.8839989,0.060058594,26.32000732,18.63000488,1995,9,15
144.5,72.69344,3.857998,0.060058594,25.44000244,18.58999634,1995,9,16
253.75,61.993534,3.1779976,0,26.26000977,18.38000488,1995,9,17
244.75,66.16436,2.8019981,0.060058594,26,18.01998901,1995,9,18
141.25,68.37455,2.9439964,0,23.86999512,19.67999268,1995,9,19
152.25,76.23478,2.3359985,0,24.13000488,17.79998779,1995,9,20
242.25,72.51891,2.9839973,0,26.05999756,18.04998779,1995,9,21
232.75,69.53915,2.645996,0,25.88000488,18.35998535,1995,9,22
233,71.26922,2.5139961,0,26.01998901,19.08999634,1995,9,23
99.75,79.83722,2.1919975,0.060058594,25.5,19.75,1995,9,24
106.5,84.57085,1.6719971,0,25.01000977,19.36999512,1995,9,25
132.75,66.14521,3.0159988,0.060058594,26.98999023,18.75,1995,9,26
95.75,70.07137,3.5759964,0,23.29000854,19.10998535,1995,9,27
62.25,85.47957,2.777996,0.060058594,23.70001221,20.08999634,1995,9,28
68,86.43996,2.5459976,0.120025635,24.70999146,19.72000122,1995,9,29
182.5,75.44137,3.1759987,0,26.05999756,19.16000366,1995,9,30
172.5,82.45747,2.7539978,0.35998535,26.25,20.42999268,1995,10,1
180.25,86.703476,2.6939964,1.1999817,27.69000244,21.54000854,1995,10,2
57.5,86.924995,3.8899956,9.900055,21.29000854,16.3999939,1995,10,3
53.25,95.65239,2.5199966,35.76004,16.8500061,14.41000366,1995,10,4
58.25,90.05189,2.6439972,8.820007,16.20999146,14.13000488,1995,10,5
58.25,75.5415,2.659996,0.120025635,19.3999939,15.42001343,1995,10,6
55.75,76.12456,1.829998,0.42004395,18.51000977,15.42001343,1995,10,7
56,86.245735,1.0839958,0.060058594,17.70999146,15.13998413,1995,10,8
49.25,81.13943,1.041996,0,20.47000122,16.51000977,1995,10,9
76.25,80.52345,2.3199959,0,23.04000854,17.67999268,1995,10,10
195.5,77.73724,2.8739967,0,25.82000732,17.04998779,1995,10,11
203,77.585464,3.2359962,0,24.83999634,16.54000854,1995,10,12
203.75,75.58135,3.855999,1.5600586,24.36999512,18.52999878,1995,10,13
48.25,93.40052,2.2819977,5.8200073,21.25,19.70001221,1995,10,14
174.5,82.17587,2.2939987,0.17999268,23.95001221,16.63000488,1995,10,15
186.5,75.17982,2.4199982,0.060058594,22.67999268,14.29000854,1995,10,16
196.75,73.70789,2.2799988,0.060058594,22.82998657,16.61999512,1995,10,17
116.25,71.5397,2.8399963,0.120025635,21.98999023,15.80999756,1995,10,18
79.25,81.137566,3.055996,0.17999268,21.07998657,14.70999146,1995,10,19
131.75,84.86192,1.2279968,0.42004395,20.92999268,16.70001221,1995,10,20
76.75,80.00093,2.0339966,0.060058594,22.13998413,18.38000488,1995,10,21
96.25,74.1589,1.6239967,0,22.92999268,17.86999512,1995,10,22
76.75,71.219666,2.9039955,2.6400146,22.85998535,16.30999756,1995,10,23
92.25,68.72085,4.121998,1.0800476,18.82000732,12.58999634,1995,10,24
194.75,67.24411,1.7779961,0.060058594,19.92001343,12.57998657,1995,10,25
174,70.74566,1.4979973,0,20.98999023,14.51998901,1995,10,26
181.5,70.876724,1.5299988,0,21.42001343,15.77999878,1995,10,27
181,78.02522,0.9379959,0,22.27999878,15.07998657,1995,10,28
157.25,79.8868,1.2279968,0.060058594,22.44000244,15.63998413,1995,10,29
133,68.082825,2.6659966,0,22.83999634,15.92001343,1995,10,30
185.5,38.79921,3.8899956,0,17.51998901,9.25,1995,10,31
184.25,38.020794,3.6759987,0,13.16000366,7.619995117,1995,11,1
182.75,45.839527,1.2399979,0.060058594,13.80999756,7.929992676,1995,11,2
121,60.99861,0.1119957,0,16.16000366,9.600006104,1995,11,3
159.75,64.70182,1.0099983,0,19.76998901,10.61999512,1995,11,4
106.25,78.07126,2.2219963,0,20.73001099,12.88000488,1995,11,5
45.25,88.51073,1.1019974,0,20.8999939,14.19000244,1995,11,6
81.25,53.43148,5.473999,0,13.67001343,5.869995117,1995,11,7
180.25,48.165844,2.2559967,0,13.44000244,6.420013428,1995,11,8
166.75,51.605576,2.423996,0,16.52999878,8.309997559,1995,11,9
154.75,56.028343,3.487999,0,17.61999512,7.459991455,1995,11,10
164.25,63.42522,2.0839958,0.060058594,17.1499939,9.209991455,1995,11,11
161.5,69.6205,2.1559982,0,20.52999878,10.54998779,1995,11,12
42,76.82311,3.5879974,0.90005493,16.32000732,11.92001343,1995,11,13
136.25,64.47584,3.1799965,0,16.01000977,9.450012207,1995,11,14
157.75,64.71092,2.0759964,0,15.25,8.410003662,1995,11,15
152.75,76.317665,1.8879967,0.060058594,16.35998535,8.600006104,1995,11,16
151.5,76.48407,1.8599968,0,18.32000732,9.010009766,1995,11,17
142.75,74.84869,3.0139961,0.17999268,18.48001099,11.1499939,1995,11,18
64.5,73.169975,5.2059975,0.17999268,14.63998413,7.440002441,1995,11,19
140.75,53.97661,3.2019958,0,11.13000488,6.549987793,1995,11,20
137.5,59.943737,1.5599976,0,12.07000732,5.309997559,1995,11,21
142.75,59.197624,3.3539963,0,14.27999878,7.820007324,1995,11,22
125.5,55.557228,6.0619965,0,7.730010986,2.799987793,1995,11,23
155.25,51.03414,3.9319992,0,10.38998413,3.609985352,1995,11,24
150.75,52.793808,2.6399956,0.060058594,14.66000366,5.649993896,1995,11,25
68,62.141006,2.5519981,0.060058594,15.08999634,7.410003662,1995,11,26
44.75,67.7539,3.2979965,0.060058594,12.36999512,8.739990234,1995,11,27
36.25,75.22963,2.9779968,0.3000183,13.16000366,9.089996338,1995,11,28
142,69.42335,3.3119965,0.24005127,15.41000366,7.190002441,1995,11,29
126.5,66.834206,2.9979973,0,13.32000732,7.5,1995,11,30
127.25,69.94118,2.565998,0.060058594,12.51998901,6.049987793,1995,12,1
138.25,70.65012,1.8959961,0.060058594,12.19000244,6.970001221,1995,12,2
32.75,70.24911,2.831997,0,9.320007324,6.959991455,1995,12,3
101.25,53.708923,3.081997,0,8.950012207,3.980010986,1995,12,4
138,41.18534,3.5619965,0,7.049987793,1.529998779,1995,12,5
146.5,42.300743,3.8379974,0,5.910003662,1.059997559,1995,12,6
142.5,37.534027,4.3899956,0,6.369995117,1.459991455,1995,12,7
129,59.42315,2.6339989,0,7.170013428,0.649993896,1995,12,8
139.25,64.87129,2.2039986,0,10.11999512,2.269989014,1995,12,9
138.75,67.663765,2.6399956,0,13.52999878,3.890014648,1995,12,10
44.75,77.68527,2.9999962,0,10.51000977,5.109985352,1995,12,11
108.5,73.25977,3.4839973,0,11.30999756,3.839996338,1995,12,12
76,78.52621,1.6439972,0.060058594,12.41000366,4.970001221,1995,12,13
35.5,78.81756,4.1759987,0,11.98999023,6.869995117,1995,12,14
29.5,68.68279,3.6139984,4.0800476,7.720001221,5.790008545,1995,12,15
39.25,91.44512,4.8379974,8.820007,5.720001221,4.510009766,1995,12,16
82,69.83817,3.567997,0.17999268,8.239990234,4.140014648,1995,12,17
39,70.38036,2.041996,0,6.649993896,2.119995117,1995,12,18
129.5,65.23307,1.105999,0,8.820007324,2.609985352,1995,12,19
76.75,71.15514,1.4759979,0,9.089996338,2.809997559,1995,12,20
122.75,67.822426,1.6479988,0,9.690002441,1.230010986,1995,12,21
102.75,82.7941,1.2039986,0.060058594,10.85998535,0.220001221,1995,12,22
80.5,59.854855,3.213997,0.060058594,10.27999878,2.970001221,1995,12,23
137.75,48.007595,4.959999,0,4.209991455,-0.720001221,1995,12,24
111.75,63.38645,3.9939957,0,4.049987793,-0.809997559,1995,12,25
45.25,69.93787,2.0499954,0,5.5,-0.700012207,1995,12,26
128,72.651276,0.7219963,0,8.350006104,0.549987793,1995,12,27
130,54.03224,3.9779968,0,8.529998779,1.230010986,1995,12,28
133,56.428112,2.4979973,0,5.820007324,0.279998779,1995,12,29
141,55.1905,1.7219963,0,8.470001221,-0.149993896,1995,12,30
132.25,58.532627,3.3679962,0,13,2.720001221,1995,12,31
